timestamp,name,symbol,price_usd,change_24h_pct,market_cap_usd
2026-10-06 14:24:46,Bitcoin,BTC,85944.0,-0.32,$1.73T
2026-10-06 14:24:46,Ethereum,ETH,2714.42,-0.21,$331.49B
2026-10-06 14:24:46,Tether,USDT,0.999844,0.01,$184.06B
2026-10-06 14:24:46,BNB,BNB,781.94,-0.87,$104.12B
2026-10-06 14:24:46,XRP,XRP,1.5,-0.76,$94.90B
2026-10-06 14:24:46,USDC,USDC,0.999983,0.01,$74.17B
2026-10-06 14:24:46,Solana,SOL,120.49,-0.5,$70.91B
2026-10-06 14:24:46,TRON,TRX,0.336625,0.28,$31.97B
2026-10-06 14:24:46,Figure Heloc,FIGR_HELOC,1.033,0.0,$24.27B
2026-10-06 14:24:46,Zcash,ZEC,1348.26,1.44,$22.89B
2026-10-06 14:26:04,Bitcoin,BTC,85918.0,-0.35,$1.73T
2026-10-06 14:26:04,Ethereum,ETH,2713.99,-0.24,$331.42B
2026-10-06 14:26:04,Tether,USDT,0.999832,0.0,$184.06B
2026-10-06 14:26:04,BNB,BNB,782.02,-0.88,$104.14B
2026-10-06 14:26:04,XRP,XRP,1.5,-0.78,$94.89B
2026-10-06 14:26:04,USDC,USDC,0.999953,0.0,$74.17B
2026-10-06 14:26:04,Solana,SOL,120.48,-0.52,$70.89B
2026-10-06 14:26:04,TRON,TRX,0.336618,0.27,$31.97B
2026-10-06 14:26:04,Figure Heloc,FIGR_HELOC,1.033,0.0,$24.27B
2026-10-06 14:26:04,Zcash,ZEC,1347.84,1.44,$22.88B
2026-10-06 14:28:07,Bitcoin,BTC,85974.0,-0.28,$1.73T
2026-10-06 14:28:07,Ethereum,ETH,2714.48,-0.18,$331.41B
2026-10-06 14:28:07,Tether,USDT,0.999839,0.0,$184.06B
2026-10-06 14:28:07,BNB,BNB,782.1,-0.82,$104.14B
2026-10-06 14:28:07,XRP,XRP,1.5,-0.69,$94.88B
2026-10-06 14:28:07,USDC,USDC,0.999957,0.0,$74.17B
2026-10-06 14:28:07,Solana,SOL,120.5,-0.44,$70.88B
2026-10-06 14:28:07,TRON,TRX,0.336567,0.25,$31.97B
2026-10-06 14:28:07,Figure Heloc,FIGR_HELOC,1.033,0.0,$24.27B
2026-10-06 14:28:07,Zcash,ZEC,1347.84,1.45,$22.86B
2026-10-06 14:37:04,Bitcoin,BTC,86034.0,-0.12,$1.73T
2026-10-06 14:37:04,Ethereum,ETH,2716.8,-0.13,$331.75B
2026-10-06 14:37:04,Tether,USDT,0.999858,0.01,$184.06B
2026-10-06 14:37:04,BNB,BNB,783.17,-0.7,$104.29B
2026-10-06 14:37:04,XRP,XRP,1.51,-0.58,$95.00B
2026-10-06 14:37:04,USDC,USDC,0.99997,0.0,$74.17B
2026-10-06 14:37:04,Solana,SOL,120.59,-0.34,$70.95B
2026-10-06 14:37:04,TRON,TRX,0.336553,0.27,$31.97B
2026-10-06 14:37:04,Figure Heloc,FIGR_HELOC,1.033,0.0,$24.27B
2026-10-06 14:37:04,Zcash,ZEC,1351.46,1.74,$22.93B
2026-10-06 14:39:40,Bitcoin,BTC,86012.0,-0.13,$1.73T
2026-10-06 14:39:40,Ethereum,ETH,2716.4,-0.17,$331.66B
2026-10-06 14:39:40,Tether,USDT,0.999863,0.01,$184.06B
2026-10-06 14:39:40,BNB,BNB,783.32,-0.7,$104.31B
2026-10-06 14:39:40,XRP,XRP,1.51,-0.65,$94.99B
2026-10-06 14:39:40,USDC,USDC,0.999962,0.0,$74.17B
2026-10-06 14:39:40,Solana,SOL,120.57,-0.4,$70.93B
2026-10-06 14:39:40,TRON,TRX,0.336494,0.23,$31.96B
2026-10-06 14:39:40,Figure Heloc,FIGR_HELOC,1.033,0.0,$24.27B
2026-10-06 14:39:40,Zcash,ZEC,1350.71,1.42,$22.91B
2026-10-06 14:42:26,Bitcoin,BTC,85976.0,-0.11,$1.73T
2026-10-06 14:42:26,Ethereum,ETH,2715.71,-0.17,$331.68B
2026-10-06 14:42:26,Tether,USDT,0.999835,0.01,$184.06B
2026-10-06 14:42:26,BNB,BNB,782.9,-0.75,$104.27B
2026-10-06 14:42:26,XRP,XRP,1.51,-0.61,$95.01B
2026-10-06 14:42:26,USDC,USDC,0.999948,0.01,$74.17B
2026-10-06 14:42:26,Solana,SOL,120.39,-0.49,$70.88B
2026-10-06 14:42:26,TRON,TRX,0.336506,0.16,$31.96B
2026-10-06 14:42:26,Figure Heloc,FIGR_HELOC,1.033,0.0,$24.27B
2026-10-06 14:42:26,Zcash,ZEC,1350.04,1.3,$22.91B
2026-10-06 14:43:27,Bitcoin,BTC,85976.0,-0.1,$1.73T
2026-10-06 14:43:27,Ethereum,ETH,2715.71,-0.15,$331.68B
2026-10-06 14:43:27,Tether,USDT,0.999835,0.01,$184.06B
2026-10-06 14:43:27,BNB,BNB,782.9,-0.76,$104.27B
2026-10-06 14:43:27,XRP,XRP,1.51,-0.6,$95.01B
2026-10-06 14:43:27,USDC,USDC,0.999948,0.0,$74.17B
2026-10-06 14:43:27,Solana,SOL,120.39,-0.49,$70.88B
2026-10-06 14:43:27,TRON,TRX,0.336506,0.2,$31.96B
2026-10-06 14:43:27,Figure Heloc,FIGR_HELOC,1.033,0.0,$24.27B
2026-10-06 14:43:27,Zcash,ZEC,1350.04,1.38,$22.91B
2026-10-06 14:46:01,Bitcoin,BTC,85885.0,-0.12,$1.73T
2026-10-06 14:46:01,Ethereum,ETH,2713.32,-0.17,$331.32B
2026-10-06 14:46:01,Tether,USDT,0.999859,0.01,$184.06B
2026-10-06 14:46:01,BNB,BNB,782.35,-0.78,$104.18B
2026-10-06 14:46:01,XRP,XRP,1.51,-0.49,$94.97B
2026-10-06 14:46:01,USDC,USDC,0.999971,0.0,$74.14B
2026-10-06 14:46:01,Solana,SOL,120.18,-0.53,$70.71B
2026-10-06 14:46:01,TRON,TRX,0.336542,0.16,$31.97B
2026-10-06 14:46:01,Figure Heloc,FIGR_HELOC,1.033,0.0,$24.27B
2026-10-06 14:46:01,Zcash,ZEC,1346.62,1.3,$22.85B
2026-10-06 14:46:31,Bitcoin,BTC,85885.0,-0.12,$1.73T
2026-10-06 14:46:31,Ethereum,ETH,2713.32,-0.17,$331.32B
2026-10-06 14:46:31,Tether,USDT,0.999859,0.01,$184.06B
2026-10-06 14:46:31,BNB,BNB,782.35,-0.78,$104.18B
2026-10-06 14:46:31,XRP,XRP,1.51,-0.49,$94.97B
2026-10-06 14:46:31,USDC,USDC,0.999971,0.0,$74.14B
2026-10-06 14:46:31,Solana,SOL,120.18,-0.53,$70.71B
2026-10-06 14:46:31,TRON,TRX,0.336542,0.16,$31.97B
2026-10-06 14:46:31,Figure Heloc,FIGR_HELOC,1.033,0.0,$24.27B
2026-10-06 14:46:31,Zcash,ZEC,1346.62,1.3,$22.85B
2026-10-06 14:49:18,Bitcoin,BTC,85902.0,-0.05,$1.73T
2026-10-06 14:49:18,Ethereum,ETH,2714.02,-0.17,$331.41B
2026-10-06 14:49:18,Tether,USDT,0.999837,0.01,$184.06B
2026-10-06 14:49:18,BNB,BNB,782.42,-0.7,$104.19B
2026-10-06 14:49:18,XRP,XRP,1.51,-0.4,$95.02B
2026-10-06 14:49:18,USDC,USDC,0.999953,0.01,$74.14B
2026-10-06 14:49:18,Solana,SOL,120.22,-0.44,$70.74B
2026-10-06 14:49:18,TRON,TRX,0.336509,0.18,$31.96B
2026-10-06 14:49:18,Figure Heloc,FIGR_HELOC,1.033,0.0,$24.27B
2026-10-06 14:49:18,Zcash,ZEC,1345.44,1.31,$22.83B
2026-10-06 14:52:58,Bitcoin,BTC,85956.0,0.11,$1.73T
2026-10-06 14:52:58,Ethereum,ETH,2715.95,-0.12,$331.65B
2026-10-06 14:52:58,Tether,USDT,0.999838,0.01,$184.06B
2026-10-06 14:52:58,BNB,BNB,782.98,-0.56,$104.26B
2026-10-06 14:52:58,XRP,XRP,1.51,-0.26,$95.08B
2026-10-06 14:52:58,USDC,USDC,0.999956,0.01,$74.14B
2026-10-06 14:52:58,Solana,SOL,120.31,-0.36,$70.79B
2026-10-06 14:52:58,TRON,TRX,0.336514,0.18,$31.96B
2026-10-06 14:52:58,Figure Heloc,FIGR_HELOC,1.033,0.0,$24.27B
2026-10-06 14:52:58,Zcash,ZEC,1350.13,1.44,$22.90B
2026-10-06 14:53:41,Bitcoin,BTC,85956.0,0.11,$1.73T
2026-10-06 14:53:41,Ethereum,ETH,2715.95,-0.12,$331.65B
2026-10-06 14:53:41,Tether,USDT,0.999838,0.01,$184.06B
2026-10-06 14:53:41,BNB,BNB,782.98,-0.56,$104.26B
2026-10-06 14:53:41,XRP,XRP,1.51,-0.26,$95.08B
2026-10-06 14:53:41,USDC,USDC,0.999956,0.01,$74.14B
2026-10-06 14:53:41,Solana,SOL,120.31,-0.36,$70.79B
2026-10-06 14:53:41,TRON,TRX,0.336514,0.18,$31.96B
2026-10-06 14:53:41,Figure Heloc,FIGR_HELOC,1.033,0.0,$24.27B
2026-10-06 14:53:41,Zcash,ZEC,1350.13,1.44,$22.90B
2026-10-06 14:56:39,Bitcoin,BTC,86039.0,0.16,$1.73T
2026-10-06 14:56:39,Ethereum,ETH,2716.48,-0.14,$331.71B
2026-10-06 14:56:39,Tether,USDT,0.99983,0.01,$184.06B
2026-10-06 14:56:39,BNB,BNB,783.94,-0.41,$104.39B
2026-10-06 14:56:39,XRP,XRP,1.51,-0.2,$95.21B
2026-10-06 14:56:39,USDC,USDC,0.999953,0.01,$74.14B
2026-10-06 14:56:39,Solana,SOL,120.39,-0.32,$70.84B
2026-10-06 14:56:39,TRON,TRX,0.336535,0.2,$31.97B
2026-10-06 14:56:39,Figure Heloc,FIGR_HELOC,1.033,0.0,$24.27B
2026-10-06 14:56:39,Zcash,ZEC,1361.96,2.6,$23.14B
2026-10-06 14:57:39,Bitcoin,BTC,86039.0,0.17,$1.73T
2026-10-06 14:57:39,Ethereum,ETH,2716.48,-0.14,$331.71B
2026-10-06 14:57:39,Tether,USDT,0.99983,0.0,$184.06B
2026-10-06 14:57:39,BNB,BNB,783.94,-0.38,$104.39B
2026-10-06 14:57:39,XRP,XRP,1.51,-0.13,$95.21B
2026-10-06 14:57:39,USDC,USDC,0.999953,0.0,$74.14B
2026-10-06 14:57:39,Solana,SOL,120.39,-0.33,$70.84B
2026-10-06 14:57:39,TRON,TRX,0.336535,0.2,$31.97B
2026-10-06 14:57:39,Figure Heloc,FIGR_HELOC,1.033,0.0,$24.27B
2026-10-06 14:57:39,Zcash,ZEC,1361.96,2.32,$23.14B
